{
  "items": [
    {
      "_id": 0,
      "name": "Beanie",
      "weather": "cold",
      "imageUrl": "https://practicum-content.s3.us-west-1.amazonaws.com/software-engineer/wtwr-project/Beanie.png?etag=bc10497cc80fa557f036e94f9999f7b2"
    },
    {
      "_id": 1,
      "name": "Boot",
      "weather": "cold",
      "imageUrl": "https://practicum-content.s3.us-west-1.amazonaws.com/software-engineer/wtwr-project/Boot.png?etag=0953a2ea59f1c6ebc832fabacdc9c70e"
    },
    {
      "_id": 2,
      "name": "Cap",
      "weather": "hot",
      "imageUrl": "https://practicum-content.s3.us-west-1.amazonaws.com/software-engineer/wtwr-project/Cap.png?etag=f3dad389b22909cafa73cff9f9a3d591"
    },
    {
      "_id": 4,
      "name": "Dress",
      "weather": "hot",
      "imageUrl": "https://practicum-content.s3.us-west-1.amazonaws.com/software-engineer/wtwr-project/Dress.png?etag=1f9cd32a311ab139cab43494883720bf"
    },
    {
      "_id": 6,
      "name": "Jacket",
      "weather": "cold",
      "imageUrl": "https://practicum-content.s3.us-west-1.amazonaws.com/software-engineer/wtwr-project/Jacket.png?etag=f4bb188deaa25ac84ce2338be2d404ad"
    },
    {
      "_id": 7,
      "name": "Jeans",
      "weather": "warm",
      "imageUrl": "https://practicum-content.s3.us-west-1.amazonaws.com/software-engineer/wtwr-project/Jeans.png?etag=58345e8bef1ce5f95ac882e71d309e6c"
    },
    {
      "_id": 8,
      "name": "Loafers",
      "weather": "warm",
      "imageUrl": "https://practicum-content.s3.us-west-1.amazonaws.com/software-engineer/wtwr-project/Loafers.png?etag=dc2d6e1ca7b297597406e35c40aef030"
    },
    {
      "name": "newItem",
      "imageUrl": "https://practicum-content.s3.us-west-1.amazonaws.com/software-engineer/wtwr-project/Loafers.png?etag=dc2d6e1ca7b297597406e35c40aef030",
      "weather": "hot",
      "_id": 9
    }
  ]
}